Person,Date
Person 1,12/09/2016
Person 2,13/09/2016
Person 3,14/09/2016
Person 4,15/09/2016
Simon Crouch,16/09/2016
Person 3,19/09/2016
Person 4,20/09/2016
Simon Crouch,21/09/2016
Person 5,22/09/2016
Person 2,23/09/2016
Person 6,26/09/2016
Person 5,27/09/2016
Person 7,28/09/2016
Simon Crouch,29/09/2016
Person 1,30/09/2016
Person 1,03/10/2016
Person 4,04/10/2016
Person 2,05/10/2016
Person 4,06/10/2016
Person 2,07/10/2016
Person 3,10/10/2016
Person 6,11/10/2016
Person 2,12/10/2016
Person 5,13/10/2016
Person 7,14/10/2016
Person 1,17/10/2016
Person 3,18/10/2016
Person 5,19/10/2016
Person 2,20/10/2016
Simon Crouch,21/10/2016
Person 5,24/10/2016
Simon Crouch,25/10/2016
Person 2,26/10/2016
Person 2,27/10/2016
Person 6,28/10/2016
Person 7,31/10/2016
Simon Crouch,01/11/2016
Person 4,02/11/2016
Person 3,03/11/2016
Person 5,04/11/2016
Person 2,07/11/2016
Person 6,08/11/2016
Person 7,09/11/2016
Person 1,10/11/2016
Person 4,11/11/2016
Person 3,14/11/2016
Person 5,15/11/2016
Person 1,16/11/2016
Person 6,17/11/2016
Person 7,18/11/2016
Person 5,21/11/2016
Person 4,22/11/2016
Person 3,23/11/2016
Person 1,24/11/2016
Person 2,25/11/2016
Person 6,28/11/2016
Person 7,29/11/2016
Person 1,30/11/2016
Person 4,01/12/2016
Person 3,02/12/2016
Person 5,05/12/2016
Person 2,06/12/2016
Person 6,07/12/2016
Person 7,08/12/2016
Person 1,09/12/2016
Person 4,12/12/2016
Person 3,13/12/2016
Person 5,14/12/2016
Person 2,15/12/2016
Person 6,16/12/2016
Person 7,19/12/2016
Person 5,20/12/2016
Person 4,21/12/2016
Person 3,22/12/2016
Person 5,23/12/2016
Person 2,26/12/2016
Person 6,27/12/2016
Person 7,28/12/2016
Person 1,29/12/2016
Person 4,30/12/2016
Person 3,02/01/2017
Person 5,03/01/2017
Person 2,04/01/2017
Person 6,05/01/2017
Person 7,06/01/2017
Person 2,09/01/2017
Person 4,10/01/2017
Person 3,11/01/2017
Person 5,12/01/2017
Person 2,13/01/2017
Person 6,16/01/2017
Person 7,17/01/2017
Person 1,18/01/2017
Person 4,19/01/2017
Person 3,20/01/2017
Person 5,23/01/2017
Person 2,24/01/2017
Person 6,25/01/2017
Person 7,26/01/2017
Person 1,27/01/2017
Person 4,30/01/2017
Person 3,31/01/2017
Person 5,01/02/2017
Person 2,02/02/2017
Person 6,03/02/2017
Person 7,06/02/2017
Person 4,07/02/2017
Person 1,08/02/2017
Person 3,09/02/2017
Person 5,10/02/2017
Person 2,13/02/2017
Person 6,14/02/2017
Person 7,15/02/2017
Person 1,16/02/2017
Person 4,17/02/2017
Person 3,20/02/2017
Person 5,21/02/2017
Person 2,22/02/2017
Person 6,23/02/2017
Person 1,24/02/2017
Person 7,27/02/2017
Person 4,28/02/2017
Person 3,01/03/2017
Person 5,02/03/2017
Person 2,03/03/2017
Person 6,06/03/2017
Person 7,07/03/2017
Person 1,08/03/2017
Person 4,09/03/2017
Person 3,10/03/2017
Person 5,13/03/2017
Person 2,14/03/2017
Person 6,15/03/2017
Person 7,16/03/2017
Person 1,17/03/2017
Person 4,20/03/2017
Person 3,21/03/2017
Person 5,22/03/2017
Person 2,23/03/2017
Person 6,24/03/2017
Person 7,27/03/2017
Person 4,28/03/2017
Person 1,29/03/2017
Person 3,30/03/2017
Person 5,31/03/2017
Person 2,03/04/2017
Person 6,04/04/2017
Person 7,05/04/2017
Person 1,06/04/2017
Person 4,07/04/2017
Person 3,10/04/2017
Person 5,11/04/2017
Person 2,12/04/2017
Person 6,13/04/2017
Person 7,14/04/2017
Person 4,17/04/2017
Person 1,18/04/2017
Person 3,19/04/2017
Person 5,20/04/2017
Person 2,21/04/2017
Person 6,24/04/2017
Person 7,25/04/2017
Person 1,26/04/2017
Person 4,27/04/2017
Person 3,28/04/2017
Person 5,01/05/2017
Person 2,02/05/2017
Person 6,03/05/2017
Person 7,04/05/2017
Person 1,05/05/2017
Person 4,08/05/2017
Person 3,09/05/2017
Person 5,10/05/2017
Person 2,11/05/2017
Person 6,12/05/2017
Person 7,15/05/2017
Person 4,16/05/2017
Person 1,17/05/2017
Person 3,18/05/2017
Person 5,19/05/2017
Person 2,22/05/2017
Person 6,23/05/2017
Person 7,24/05/2017
Person 1,25/05/2017
Person 4,26/05/2017
Person 3,29/05/2017
Person 5,30/05/2017
Person 2,31/05/2017
Person 6,01/06/2017
Person 7,02/06/2017
Person 4,05/06/2017
Person 1,06/06/2017
Person 3,07/06/2017
Person 5,08/06/2017
Person 2,09/06/2017
Person 6,12/06/2017
Person 7,13/06/2017
Person 1,14/06/2017
Person 4,15/06/2017
Person 3,16/06/2017
Person 5,19/06/2017
Person 2,20/06/2017
Person 6,21/06/2017
Person 7,22/06/2017
Person 1,23/06/2017
Person 4,26/06/2017
Person 3,27/06/2017
Person 5,28/06/2017
Person 2,29/06/2017
Person 6,30/06/2017
Person 7,03/07/2017
Person 4,04/07/2017
Person 1,05/07/2017
Person 3,06/07/2017
Person 5,07/07/2017
Person 2,10/07/2017
Person 6,11/07/2017
Person 7,12/07/2017
Person 1,13/07/2017
Person 4,14/07/2017
Person 3,17/07/2017
Person 5,18/07/2017
Person 2,19/07/2017
Person 6,20/07/2017
Person 7,21/07/2017
Person 4,24/07/2017
Person 1,25/07/2017
Person 3,26/07/2017
Person 5,27/07/2017
Person 2,28/07/2017
Person 6,31/07/2017
Person 7,01/08/2017
Person 1,02/08/2017
Person 4,03/08/2017
Person 3,04/08/2017
Person 5,07/08/2017
Person 2,08/08/2017
Person 6,09/08/2017
Person 7,10/08/2017
Person 1,11/08/2017
Person 4,14/08/2017
Person 3,15/08/2017
Person 5,16/08/2017
Person 2,17/08/2017
Person 6,18/08/2017
Person 7,21/08/2017
Person 4,22/08/2017
Person 1,23/08/2017
Person 3,24/08/2017
Person 5,25/08/2017
Person 2,28/08/2017
Person 6,29/08/2017
Person 7,30/08/2017
Person 1,31/08/2017
Person 4,01/09/2017
Person 3,04/09/2017
Person 5,05/09/2017
Person 2,06/09/2017
Person 6,07/09/2017
Person 7,08/09/2017
Person 4,11/09/2017
Person 1,12/09/2017
Person 3,13/09/2017
Person 5,14/09/2017
Person 2,15/09/2017
Person 6,18/09/2017
Person 7,19/09/2017
Person 1,20/09/2017
Person 4,21/09/2017
Person 3,22/09/2017
Person 5,25/09/2017
Person 2,26/09/2017
Person 6,27/09/2017
Person 7,28/09/2017
Person 1,29/09/2017
Person 4,02/10/2017
Person 3,03/10/2017
Person 5,04/10/2017
Person 2,05/10/2017
Person 6,06/10/2017
Person 7,09/10/2017
Person 4,10/10/2017
Person 1,11/10/2017
Person 3,12/10/2017
Person 5,13/10/2017
Person 2,16/10/2017
Person 6,17/10/2017
Person 7,18/10/2017
Person 1,19/10/2017
Person 4,20/10/2017
Person 3,23/10/2017
Person 5,24/10/2017
Person 2,25/10/2017
Person 6,26/10/2017
Person 7,27/10/2017
Person 4,30/10/2017
Person 1,31/10/2017
Person 3,01/11/2017
Person 5,02/11/2017
Person 2,03/11/2017
Person 6,06/11/2017
Person 7,07/11/2017
Person 1,08/11/2017
Person 4,09/11/2017
Person 3,10/11/2017
Person 5,13/11/2017
Person 2,14/11/2017
Person 6,15/11/2017
Person 7,16/11/2017
Person 1,17/11/2017
Person 4,20/11/2017
Person 3,21/11/2017
Person 5,22/11/2017
Person 2,23/11/2017
Person 6,24/11/2017
Person 7,27/11/2017
Person 4,28/11/2017
Person 1,29/11/2017
Person 3,30/11/2017
Person 5,01/12/2017
Person 2,04/12/2017
Person 6,05/12/2017
Person 7,06/12/2017
Person 1,07/12/2017
Person 4,08/12/2017
Person 3,11/12/2017
Person 5,12/12/2017
Person 2,13/12/2017
Person 6,14/12/2017
Person 7,15/12/2017
Person 4,18/12/2017
Person 1,19/12/2017
Person 3,20/12/2017
Person 5,21/12/2017
Person 2,22/12/2017
Person 6,25/12/2017
Person 7,26/12/2017
Person 1,27/12/2017
Person 4,28/12/2017
Person 3,29/12/2017
